subjID,test_day_t2,orev_t2
1R9NNwNm,2023-03-03,19
1XKPmPrA,2023-03-04,21
1c8ao8Zt,2023-03-01,19
1fabzt9G,2023-03-02,11
1i2eNanw,2023-03-15,21
1m11RBXv,2023-03-01,21
1szVdUoz,2023-03-18,13
1tSzZs4u,2023-03-12,20
1ucfbeiZ,2023-03-04,21
1xhycJfi,2023-03-14,13
24UJv3N2,2023-03-07,14
2AcAMqCP,2023-03-10,21
2EV6dkft,2023-03-17,19
2EzEKVq4,2023-03-02,18
2KBSeT3M,2023-03-11,18
2NzP5Sr9,2023-03-02,19
2XWnYKYA,2023-03-11,17
2koAfb5r,2023-03-04,21
2nVfEhsZ,2023-03-12,19
2oYfUJmF,2023-03-11,18
36DwPbmB,2023-03-02,17
388CEkdZ,2023-03-15,20
3AUUwevx,2023-03-11,20
3BT9it1b,2023-03-11,13
3FSmUbpW,2023-03-13,19
3J3CDH1e,2023-03-03,19
3JgbQ7WT,2023-03-11,17
3QAUb76e,2023-03-14,21
3VFWBGLC,2023-03-13,18
3VMLkKXL,2023-03-10,19
3pMFWfyz,2023-03-05,15
3qeEa3WC,2023-03-11,19
3wpdrrwn,2023-03-04,11
42kb9Tdb,2023-03-01,19
479FefBH,2023-03-13,16
4ErDKydm,2023-03-14,18
4KCMS5Bd,2023-03-07,9
4MFDuxCc,2023-03-11,15
4PHvPERC,2023-03-05,20
4ZR7CvXE,2023-03-01,18
4bgeoaou,2023-03-19,13
4caxx1Za,2023-03-11,18
4cvVFzY5,2023-03-05,10
4g5rLLsg,2023-03-20,14
4kF7DYun,2023-03-15,16
4mBiTkwg,2023-03-01,16
55LhbVSk,2023-03-13,20
5A5Moos3,2023-03-11,17
5DezdVE6,2023-03-02,16
5SLGhTSb,2023-03-12,17
5URsbe1m,2023-03-04,17
5cdQstKn,2023-03-01,17
5eoNKHga,2023-03-03,20
5kWD3AiL,2023-03-14,21
5nSq2ZgC,2023-03-05,19
5royxQ9K,2023-03-10,17
5sKsnepR,2023-03-01,18
5yr7obiZ,2023-03-04,11
6GGZqC7Q,2023-03-12,21
6PZhuzZN,2023-03-16,17
6XwHZANx,2023-03-02,21
6Yaa5gqB,2023-03-10,21
6rKtgcRD,2023-03-01,20
6tokmK6N,2023-03-03,19
6wKoXFsD,2023-03-13,21
71w1KnGc,2023-03-10,17
79HSdzFq,2023-03-16,15
79Xmw1nu,2023-03-16,17
7LPV4F8X,2023-03-10,12
7PA6qG6d,2023-03-05,19
7QkigUdm,2023-03-11,14
7QpFfKxJ,2023-03-02,21
7d9Js4dN,2023-03-06,21
7m6LAe9Q,2023-03-06,21
85Fz7ETL,2023-03-10,16
85zwxzUw,2023-03-12,19
8BF2TQx3,2023-03-05,12
8DkEKkAT,2023-03-05,15
8FZw4XJY,2023-03-11,19
8Ne66pBV,2023-03-05,16
8QY3biYo,2023-03-01,20
8QbGNrVh,2023-03-08,17
8bSBCphi,2023-03-01,20
8c2Y3WMX,2023-03-14,19
8fNDpSqL,2023-03-12,17
8r1ttKAg,2023-03-05,18
8rsBFRua,2023-03-15,20
97ZQ4NsR,2023-03-07,21
97a3cyXs,2023-03-03,22
9D2g7m4J,2023-03-16,17
9KpLUi6t,2023-03-11,17
9Lwhk67b,2023-03-13,18
9Ndi9hcn,2023-03-15,17
9S3m55dH,2023-03-02,20
9UYqnhnH,2023-03-10,19
9cqEKQnc,2023-03-12,18
9exvyvr3,2023-03-10,11
9fcwda68,2023-03-08,10
9kpWXc6F,2023-03-10,20
9sNswdtp,2023-03-15,19
A4775Z,2023-02-28,8
ABzBZmoh,2023-03-06,18
ACsC3uQh,2023-03-02,18
AGR1Czxy,2023-03-10,20
AS6ydUzE,2023-03-13,10
AShoHXT4,2023-03-13,20
AdxS8WJ9,2023-03-08,16
AiXnaxqG,2023-03-13,18
Ap1nEuUT,2023-03-04,16
As8yuHEM,2023-03-05,16
AtPhWeMp,2023-03-11,22
Atz9BCVE,2023-03-05,17
AtzecRMx,2023-03-03,17
AuTMmVKY,2023-03-13,19
B38viJKs,2023-03-13,17
B4LEmtRQ,2023-03-08,19
B72FHr5K,2023-03-07,17
BGA1QT1J,2023-03-09,21
BJ1KTeHp,2023-03-11,16
BJvu5ZUo,2023-03-15,19
BMCobpPE,2023-03-02,22
BPVcznqo,2023-03-12,21
BYXyTZ1k,2023-03-03,18
BhxnFdRA,2023-03-12,16
Bic8zQzJ,2023-03-11,17
Bq2PY8LN,2023-03-10,13
BsvmbRyn,2023-03-05,12
BwrSW5a2,2023-03-10,20
BxtXW6ag,2023-03-11,17
C7gW6xTM,2023-03-05,20
CFdFoJgW,2023-03-10,20
CGVz286G,2023-03-02,22
CPWPYCsK,2023-03-15,19
CSo45utg,2023-03-11,22
CVfWC79e,2023-03-02,18
CZ8LDWKb,2023-03-16,21
CdQ8FhJw,2023-03-12,14
CkdJUbSH,2023-03-13,16
CqXKsdis,2023-03-01,22
DCFoah7b,2023-03-01,17
DERACho1,2023-03-10,18
DF4fYVKo,2023-03-04,13
DJFnUBvQ,2023-03-05,13
DKX5ioaC,2023-03-01,20
DLyWD81N,2023-03-11,14
DMcxQ61E,2023-03-11,18
DY1VGrqp,2023-03-11,19
DfWCvP7y,2023-03-05,13
DiTiS2Fv,2023-03-02,13
Dmfwc59b,2023-03-05,16
DtAJsQe9,2023-03-08,13
DuYrvDXq,2023-03-14,20
EGM9rFZN,2023-03-11,16
EGhzJEUh,2023-03-17,16
EVxquvT9,2023-03-08,16
EY65ztVH,2023-03-10,17
EYAPBRb8,2023-03-15,18
EdV3xbkR,2023-03-05,19
EgcfHrLm,2023-03-02,18
EuC6UnLZ,2023-03-12,21
ExZJbvuC,2023-03-02,19
F42BUmp5,2023-03-01,19
F6FEmxZ1,2023-03-17,22
F7GqmF2c,2023-03-02,17
FBy9Zxcx,2023-03-04,22
FDzzdPir,2023-03-10,8
FH6RyKt7,2023-03-16,14
FJMPX8v8,2023-03-10,21
FNATTW84,2023-03-01,14
FNWAif53,2023-03-02,14
FQJ9obbD,2023-03-12,21
FTqmZ8wa,2023-03-10,20
FcTGCLeN,2023-03-01,17
FddDJWAH,2023-03-04,16
FdwpwXgH,2023-03-03,18
FfikcWMD,2023-03-17,22
Fsxba2bq,2023-03-03,20
Ft6Y2RWy,2023-03-10,15
Fvwy6NxL,2023-03-12,18
GDHYJJfS,2023-03-14,20
GDtHDpgU,2023-03-03,13
GGsERvfY,2023-03-09,20
GWSDB61E,2023-03-05,20
GZ88kKD4,2023-03-10,19
GaBedcNe,2023-03-11,22
Gf88KMXH,2023-03-11,20
GgviFZ2y,2023-03-01,16
Goy97toy,2023-03-03,19
Gr5MdW9s,2023-03-09,17
GwHRXSCW,2023-03-15,18
GzHXErYQ,2023-03-16,16
H6rND6kg,2023-03-01,20
HB6bDWpS,2023-03-11,19
HEwxG9Vd,2023-03-11,14
HGZDFhgo,2023-03-01,21
HLJrP1UZ,2023-03-06,11
HQVU6xgD,2023-03-12,14
HSHbkq27,2023-03-10,20
HTLpMKbK,2023-03-06,16
HXuG9Jce,2023-03-12,16
HYFWUzZ6,2023-03-16,16
Hfuv4U2e,2023-03-05,17
HnnX7vBL,2023-03-05,18
HtN1XG5Q,2023-03-11,20
HxPFe3ss,2023-03-19,17
J2rTXFMB,2023-03-10,19
J3a3geJt,2023-03-10,11
JCgqq559,2023-03-06,19
JJPyBTne,2023-03-04,17
JQFGNEMP,2023-03-12,14
JZk1J4vq,2023-03-04,5
JdHMQJGF,2023-03-16,20
JiovLLSC,2023-03-06,21
JuyLoDkJ,2023-03-13,15
K4iMc4hE,2023-03-19,19
K5Rvbwp2,2023-03-14,19
K94keXoS,2023-03-05,17
KAF1sA1B,2023-03-03,11
KFvmzt8e,2023-03-10,17
KGof5dZN,2023-03-11,18
KMPE8R7m,2023-03-11,16
KRdNLRuP,2023-03-01,19
KSZe6y9K,2023-03-05,14
KVKGvCZ7,2023-03-11,18
KeTKU8WU,2023-03-02,20
KgttqwvU,2023-03-02,15
Khgy6FeC,2023-03-03,16
KpKMrzuv,2023-03-01,17
KszWZAsE,2023-03-17,15
L5J3e4ru,2023-03-04,22
LLkNV4rz,2023-03-17,22
LVxANg2n,2023-03-14,16
LuBSsAqn,2023-03-16,20
LudKErB9,2023-03-10,13
LwURrKRw,2023-03-03,20
M2sFxyv5,2023-03-04,18
M4ogBL43,2023-03-06,19
MAqTBuVu,2023-03-05,18
MRysAn2d,2023-03-03,13
MT93Tnkn,2023-03-13,20
MYhuMwop,2023-03-04,21
MdxMSS98,2023-03-11,16
MnVQiGQg,2023-03-02,21
MpoM2MxT,2023-03-14,15
MxT15kcu,2023-03-02,17
N6gtwsEX,2023-03-04,10
"NA1YM1fJ",2023-03-03,20
"NAb6P9G6",2023-03-12,19
NFMWFYck,2023-03-12,18
NJwe6BkU,2023-03-12,16
NL2ki6Jo,2023-03-08,21
NNXnKQp2,2023-03-01,15
NYeP6Tft,2023-03-04,18
Ng19FJwT,2023-03-04,20
NkHtJ2mF,2023-03-05,20
NsV2982X,2023-03-13,19
P6k1W456,2023-03-02,18
PGtpAb94,2023-03-12,16
PHeq8drY,2023-03-01,21
PJSPGer7,2023-03-08,7
PJf3mtLK,2023-03-12,16
PLGdJX3F,2023-03-02,16
PMZRxyCF,2023-03-16,19
PMcTRpdh,2023-03-05,19
PNTfi99v,2023-03-08,18
PT1yp75M,2023-03-11,19
PX7csz5Q,2023-03-17,17
PZv3Dm4Q,2023-03-17,21
PuJMvmd4,2023-03-07,21
Q4i2cD1y,2023-03-07,15
Q7E6cYVQ,2023-03-11,15
Q7MitJHk,2023-03-06,21
QGWvaymp,2023-03-05,17
QJ648cGw,2023-03-01,18
QX5f3L5c,2023-03-12,19
QfrTFp3M,2023-03-10,11
QpS6Kuaa,2023-03-01,21
Qs7pcpyz,2023-03-11,18
QvK3QJPy,2023-03-17,22
Qwe8g7Tp,2023-03-21,16
QzW1SWBB,2023-03-12,16
R1k4pMwo,2023-03-01,21
R6Cg4Fsm,2023-03-01,15
R6bEBFKt,2023-03-02,18
RCTzekQG,2023-03-10,14
RD7vhstG,2023-03-12,14
RDocCBNY,2023-03-12,18
RQSrFayB,2023-03-04,13
RZeJ4Ds9,2023-03-04,18
Rb6bz1E6,2023-03-06,13
RbErnKag,2023-03-17,17
RcV8HVX9,2023-03-07,19
RmMVdpoM,2023-03-04,21
Rngz12YS,2023-03-04,21
RqNiMm7o,2023-03-04,21
S1W7v69L,2023-03-11,12
S2tnFbTn,2023-03-06,14
S5USpKPh,2023-03-02,20
S5tNhz8d,2023-03-01,21
S6cvXsR3,2023-03-10,17
S84z5BgA,2023-03-05,14
SFcXvCVP,2023-03-10,19
SNVSVJXo,2023-03-12,20
SP8a9Kex,2023-03-01,13
SRsSMvF6,2023-03-14,19
SeLtJ95y,2023-03-03,18
SsUfVW41,2023-03-15,19
StopRyDb,2023-03-09,20
Sx2fpqZV,2023-03-16,19
SxbmADv7,2023-03-13,20
T1ZTu3eH,2023-03-12,16
T24XrVdb,2023-03-12,18
T2bUab6s,2023-03-11,17
T8PUAbPK,2023-03-05,18
TKgFuTGb,2023-03-14,11
TbFWFdYv,2023-03-10,21
Tdq2wq2C,2023-03-01,20
To4gWAHp,2023-03-04,16
ToEy1MAi,2023-03-02,11
ToMxbiWM,2023-03-09,18
TofmAgzy,2023-03-16,13
Tw9cLwFF,2023-03-13,19
TybJTehq,2023-03-06,21
U7xwqEyY,2023-03-07,15
UFxGqPma,2023-03-04,18
UH5dyo2h,2023-03-11,17
UNTTcgea,2023-03-11,20
UPxGNhJc,2023-03-14,18
URz7agtV,2023-03-13,21
UTJWC4zf,2023-03-07,14
UetVuo1k,2023-03-02,17
UfFSr5Gf,2023-03-10,22
UkHXVhhL,2023-03-02,20
UmwocJHu,2023-03-02,21
Ur7hUALP,2023-03-05,18
UrPq8pQ8,2023-03-10,19
VDC5LXKo,2023-03-02,14
VFhfTex1,2023-03-15,21
VGYVLK6i,2023-03-10,7
VHdAsgWM,2023-03-11,18
VPhgBVxZ,2023-03-10,18
VUJ44k1M,2023-03-17,16
VcyYgFQx,2023-03-11,13
VfxqUkpw,2023-03-16,18
Vkn7or4k,2023-03-11,19
VmZqtRSk,2023-03-01,20
VnS5Lt7r,2023-03-02,20
W5T3ETD6,2023-03-04,20
W6by9dXR,2023-03-15,15
W76aHxo1,2023-03-02,10
W8GH9MxQ,2023-03-09,18
WExggJRR,2023-03-01,20
WNDGL4yw,2023-03-14,13
WNKdbiXS,2023-03-17,17
WRR312us,2023-03-07,17
WcfvBesa,2023-03-12,19
WgwF17V2,2023-03-01,16
WhdZsYrQ,2023-03-01,17
WhtgXAsg,2023-03-01,16
Wo5FEg2h,2023-03-10,19
WsYZ24Ai,2023-03-11,11
Ww2dLuVN,2023-03-10,21
WyQe5HdB,2023-03-12,22
X2JTPERY,2023-03-03,16
X4SXQ8LT,2023-03-13,18
X9gGveZC,2023-03-16,15
XACSaXDV,2023-03-01,16
XAb4ZtTZ,2023-03-11,19
XJMbX2LB,2023-03-05,19
XKXnmKHz,2023-03-06,18
XNuUFoBA,2023-03-10,16
XXGMEqca,2023-03-03,20
XkDUarR4,2023-03-20,17
XmfJMnrn,2023-03-12,17
XoGHvFTE,2023-03-16,17
XquA6sfA,2023-03-10,17
XukT96CN,2023-03-09,14
YAG1fftv,2023-03-04,19
YArBEbuG,2023-03-04,13
YCs3u2SW,2023-03-15,16
YDmfnCES,2023-03-16,11
YKxq7EX5,2023-03-09,18
YLmo5Sgm,2023-03-04,17
YRAb6HK5,2023-03-09,20
YYiqCMeg,2023-03-04,18
Yc3mShaS,2023-03-15,13
YhUFhnCU,2023-03-02,21
YmFg25vY,2023-03-14,10
Z6b2pzNp,2023-03-11,20
ZBc5M3vm,2023-03-06,20
ZBhRtC1R,2023-03-12,19
ZcHyy4BX,2023-03-14,20
ZrGFytzY,2023-03-17,16
ZxRsJNJV,2023-03-14,21
a8oZUgcY,2023-03-10,20
a9Go5dJ6,2023-03-11,14
aBRxsPaJ,2023-03-02,20
aCuSdNwU,2023-03-11,19
aLYSk62b,2023-03-14,10
aN8Fwzxn,2023-03-09,19
aPBzrC1q,2023-03-13,19
aSNoZwVw,2023-03-12,20
aTMRaAtU,2023-03-18,15
aUfNAqF7,2023-03-17,8
aUtihD4R,2023-03-12,19
aXsXm35n,2023-03-07,15
aZQHtF1d,2023-03-10,15
aaD3Fzr6,2023-03-01,11
aecwC2Qa,2023-03-16,17
amYaeBwE,2023-03-09,15
aoxpkdue,2023-03-09,17
ap7k12em,2023-03-03,14
ass7NJyA,2023-03-05,14
atfvB6NX,2023-03-01,19
avTm3EVu,2023-03-11,18
bDGDtbDM,2023-03-10,21
bEyQdrHf,2023-03-17,22
bQp7ez7e,2023-03-05,16
bSoph7T7,2023-03-01,10
bVinhgvQ,2023-03-01,17
bXVnrGdH,2023-03-21,15
bdUMeohZ,2023-03-04,16
bsrZcNvw,2023-03-04,16
bt43N2ra,2023-03-11,20
bv65cDBT,2023-03-10,18
bxDYS8Vr,2023-03-01,12
cLcLLCHq,2023-03-01,18
cNGmmRhH,2023-03-04,18
cTxzg8H6,2023-03-06,16
cWGhsgp2,2023-03-09,19
cYmNv7DH,2023-03-17,14
ciE64WUz,2023-03-10,17
cmw5RtSp,2023-03-05,19
csdg4quF,2023-03-12,20
cuMNJSYi,2023-03-11,18
cupFoyxJ,2023-03-05,19
cxoWBbxJ,2023-03-11,18
d3tiEhAV,2023-03-10,18
d5dq4iB2,2023-03-05,18
dDT6p6Va,2023-03-19,18
dEP1JU51,2023-03-11,14
dGN24SSZ,2023-03-05,21
dHgbobkQ,2023-03-03,14
dJW1goHZ,2023-03-15,20
dapBJ1mo,2023-03-07,18
dcKJHCmK,2023-03-12,13
dhe9uNmq,2023-03-16,10
dmrv1dZt,2023-03-09,17
dswmU4CQ,2023-03-15,10
dwiH5ki8,2023-03-02,20
dwnvvRBb,2023-03-13,20
dxGFwpUYa,2023-03-11,12
dxWYAfo9,2023-03-12,18
eCvMQ4s4,2023-03-11,21
eDmZSWi4,2023-03-02,16
eEiPAvqa,2023-03-05,19
eHHmNCqu,2023-03-03,17
eJwhG415,2023-03-15,17
eMegwHy7,2023-03-03,22
eTXS1EvR,2023-03-02,22
eVE7mR65,2023-03-05,18
eVNWJJHU,2023-03-06,19
eVeweCZv,2023-03-14,19
eYTKvB58,2023-03-11,18
eckGCaVS,2023-03-10,21
egxFqLyg,2023-03-01,13
empegrCK,2023-03-01,17
emry7KPT,2023-03-02,20
etJRA4Hs,2023-03-10,14
evwq1PME,2023-03-01,14
f1Tffqee,2023-03-01,18
f1UX944y,2023-03-09,11
f3CYLeiY,2023-03-10,21
f3Jf4psg,2023-03-09,8
f8fu5iC2,2023-03-11,19
fCpnqwDQ,2023-03-09,19
fNzdNJ5v,2023-03-12,15
fZfmaxL6,2023-03-13,7
foLfQNVV,2023-03-11,20
fp5oZv54,2023-03-03,19
fqddM45c,2023-03-04,22
g2ewq4wK,2023-03-11,21
gF8ViD4q,2023-03-03,19
gGMmB3kK,2023-03-02,20
gNZEqPWs,2023-03-11,16
gRp5ktdD,2023-03-17,21
gXWTf5sA,2023-03-16,14
gekCM1AT,2023-03-13,15
gg9HNSMA,2023-03-11,20
goY9qGpR,2023-03-09,18
goeJ8KCE,2023-03-04,20
grE2DSg5,2023-03-10,11
grThTCVx,2023-03-02,21
gugsqbGf,2023-03-11,16
h2aubna7,2023-03-01,14
h4tHuzi7,2023-03-17,19
h93ecmtZ,2023-03-10,21
hJd6Kmad,2023-03-10,17
hKL3N2PH,2023-03-01,20
hKMxTtua,2023-03-05,18
hLitdofc,2023-03-01,19
hTTcbwWr,2023-03-06,20
hWcf1G5A,2023-03-03,10
hZr1ui6G,2023-03-03,11
hcBeQu1V,2023-03-05,20
hebySPdF,2023-03-02,18
hqJq9v4G,2023-03-04,15
hw4CXvkk,2023-03-10,15
i71hFFU2,2023-02-28,21
i71hFFUE,2023-02-28,20
i9wAdaaw,2023-03-09,19
iJ3xUhP3,2023-03-02,6
iTQT2Urd,2023-03-08,20
iU59QLCk,2023-03-10,19
ibANm5eQ,2023-03-01,18
ie1CFY4X,2023-03-08,18
ieH8JvAs,2023-03-01,22
iepV2Eb6,2023-03-02,21
ihwFTGv1,2023-03-05,14
iqnda5Se,2023-03-03,21
iria4sRX,2023-03-02,22
itgYi1XF,2023-03-06,17
ixhyN9SU,2023-03-01,17
k2NF7z6w,2023-03-14,16
k383Db2W,2023-03-04,16
k44h7LFZ,2023-03-03,16
k5KwQb91,2023-03-02,19
kH2pHAr6,2023-03-06,10
kHQ2Tk69,2023-03-02,10
kJLmF5cb,2023-03-12,15
kLcJwLFs,2023-03-03,21
kRCHbvD7,2023-03-01,19
kcLV7hPe,2023-03-01,19
khgzZVsR,2023-03-02,18
koXdmHV3,2023-03-12,16
kqm4QzMS,2023-03-01,10
m55iLfyp,2023-03-04,21
m9PQhHwx,2023-03-01,20
mEcbxMuH,2023-03-10,14
mGknRHh2,2023-03-03,15
mQznQv3L,2023-03-04,22
mRdxJMuQ,2023-03-17,15
mVhi2JrR,2023-03-08,21
mcdiPcp9,2023-03-12,21
mdirWsAe,2023-03-02,15
mgoYc9fA,2023-03-04,16
mu4BdQCN,2023-03-10,19
muVB6UGs,2023-03-02,12
n96SYKKi,2023-03-06,18
nAJcEY1q,2023-03-13,15
nLF993UF,2023-03-11,22
nYRxFYiL,2023-03-07,18
nZM7LSSC,2023-03-10,15
naburDpq,2023-03-02,19
nfBb5Mwm,2023-03-12,11
nq7sKVbQ,2023-03-11,19
ntLubNM2,2023-03-15,18
o1mLLLxT,2023-03-07,18
o2y8ev8c,2023-03-01,15
o5EGmEkg,2023-03-11,18
o7BntLmH,2023-03-17,18
oGpYRsgi,2023-03-05,14
oPp65c71,2023-03-06,19
oS6Fdo7U,2023-03-04,21
oTsf2xKY,2023-03-01,16
oUCfy6Ta,2023-03-16,15
oZhnyTui,2023-03-13,21
oaJSHmLa,2023-03-01,17
ocAzywpc,2023-03-12,18
oiwP7Buk,2023-03-10,17
opvXEraP,2023-03-10,19
oyaaye7H,2023-03-11,19
p365M9bC,2023-03-10,19
p3z1oyYb,2023-03-10,18
p75ffn68,2023-03-02,22
p9rUWPhk,2023-03-06,17
pBGp6Zc9,2023-03-01,20
pBJn9Zvo,2023-03-06,9
pDUYavbC,2023-03-13,12
pJs1xQTn,2023-03-11,18
pWa4TSLp,2023-03-11,18
pdambeHc,2023-03-02,18
prkqhUNM,2023-03-15,22
ptYhM5gW,2023-03-11,19
pzwsZy5F,2023-03-14,17
q6aKMYR4,2023-03-11,18
q78t9mda,2023-03-05,18
q81M86Ac,2023-03-01,18
q9bs6GJ2,2023-03-15,9
qJTK4RE3,2023-03-11,12
qMEBZBew,2023-03-10,17
qYeUQbm4,2023-03-13,18
qcQbHqMV,2023-03-01,14
qhoY2uyG,2023-03-02,18
qozXHBP7,2023-03-11,18
qpQQiA33,2023-03-06,20
qsXTemDp,2023-03-01,19
qufZLc5S,2023-03-07,20
qwVMaa2q,2023-03-14,22
r7pcJ4db,2023-03-11,15
r927rYtX,2023-03-13,19
rA2yv3ap,2023-03-06,22
rSpSM5Nf,2023-03-11,22
rYi1vbzu,2023-03-02,13
rqXnHQP6,2023-03-10,20
rv8zzrfM,2023-03-11,19
rvsD1o8E,2023-03-10,19
rz8wmkbh,2023-03-17,15
s2fdS5hk,2023-03-19,20
s6fdepZJ,2023-03-03,15
sUw64zLH,2023-03-16,20
sVcomoKy,2023-03-11,12
sisC3oXe,2023-03-04,15
sqipfdDT,2023-03-01,18
sy8UvoDY,2023-03-11,15
szSVWZ39,2023-03-06,16
t2rQoc4L,2023-03-10,15
t8NRUW3K,2023-03-02,11
tHVuSaqy,2023-03-12,20
tHaF2FTm,2023-03-17,21
tUm11dWa,2023-03-10,11
tW3hMS1o,2023-03-10,17
testID,2023-02-22,22
th18iKhx,2023-03-11,9
tobhQSAo,2023-03-02,21
tp53k8Nv,2023-03-15,19
tw7nYMU8,2023-03-09,18
txcE4LJY,2023-03-01,19
u7xYB9SS,2023-03-10,20
uErTnz7r,2023-03-03,17
uHecwTAn,2023-03-09,17
uLEeJQuK,2023-03-05,20
uMJsvpJG,2023-03-02,19
uWLG9b2c,2023-03-03,9
ui9fcv6F,2023-03-11,11
uwcxtEs7,2023-03-08,18
v1MpTXQk,2023-03-06,16
v22DD8E4,2023-03-14,19
v7KKhwQ4,2023-03-03,17
v81AYesp,2023-03-12,17
vFvEtnhZ,2023-03-07,21
vFzrkNHg,2023-03-14,12
vGqcGbRv,2023-03-08,16
vL6GKShv,2023-03-05,11
vU1ed99T,2023-03-10,20
vV5vZcJY,2023-03-02,14
vYtZzFdJ,2023-03-05,17
voYydEGf,2023-03-11,16
vpwykvNq,2023-03-05,20
wAAMSAuC,2023-03-03,22
wNe1XsgQ,2023-03-03,12
wQvJDUNn,2023-03-15,8
wVrgEYZA,2023-03-04,14
wkWuvseB,2023-03-08,17
wwBhn1Bg,2023-03-10,18
wxx5w6V4,2023-03-15,15
wzcggwL9,2023-03-02,14
x2qC88by,2023-03-11,17
x41A9Eth,2023-03-14,17
x62JHUW3,2023-03-04,18
xApbNFd5,2023-03-07,18
xEVVsEMb,2023-03-13,21
xNFKKpmd,2023-03-10,17
xbRw8k9Z,2023-03-11,18
xeMs1tAf,2023-03-04,17
xgh5xrph,2023-03-07,12
xnRfP2bf,2023-03-03,19
xqfeLfg6,2023-03-06,19
xzKYkVUt,2023-03-13,19
yDGEcb3e,2023-03-15,13
yGdaZ2Jy,2023-03-02,20
yHw8WB7R,2023-03-13,16
yT2HrZMV,2023-03-07,20
yTFGeNLn,2023-03-01,21
ycboZg8e,2023-03-02,18
ydWgWLsV,2023-03-02,13
yeBY9bdX,2023-03-02,17
yeFuzaWy,2023-03-05,21
yeo9aAep,2023-03-06,18
yey2SSRY,2023-03-09,14
ygketWHr,2023-03-04,19
ykPCitup,2023-03-12,16
yp5xyy5v,2023-03-01,15
yppharsV,2023-03-13,22
yqd468c9,2023-03-10,11
ysYgPaEt,2023-03-14,16
zAZiBXT3,2023-03-11,19
zEcouna7,2023-03-14,18
zM8XJBai,2023-03-13,19
zPuWpZk1,2023-03-11,15
zWf4pGQs,2023-03-12,21
zgkxbWTV,2023-03-17,11
zhQnpFLP,2023-03-07,20
ziWek2UP,2023-03-01,16
zqBLL8iY,2023-03-05,17
ztdXga8m,2023-03-02,15
zzeS2Vdg,2023-03-14,14
